"vector_size","time_gficf","sd_gficf","peak_ram_gficf","time_paral","sd_paral","peak_ram_paral","time_fasterWilcox","sd_fasterWilcox","peak_ram_fasterWilcox","time_fastWilcox","sd_fastWilcox","peak_ram_fastWilcox"
10,6.558404e-05,0.000421969901882403,0,0.00012916334,0.000368412151443073,0,4.178917e-05,0.000348770929072916,0,6.017856e-05,0.000335549690710701,0
100,4.201469e-05,1.27700641746289e-05,0,0.00018631367,7.83266188623328e-05,0.0999999999999943,1.289947e-05,6.97582526663377e-06,0,0.00019235395,2.95627012315956e-05,0
1000,0.00044902655,8.30744150742379e-05,0.0999999999999943,0.00064095814,0.000239637933137777,0.200000000000017,0.00017716173,2.25906635183452e-05,0,0.00247256944,0.000217579023035348,0
10000,0.00565023908,0.000610798513105469,0.799999999999983,0.00432445793,0.00223082331067269,1.69999999999999,0.00324677571,0.000159732241980342,0,0.04703734206,0.0132495330011435,0
1e+05,0.06564098035,0.0078860768040124,7.60000000000002,0.03990812636,0.00934904025774959,16.7,0.04796742569,0.0106933832167021,0,0.83128556631,0.126352199192444,0
